{
    "random_val_acc": [
        37.24088634739099,
        54.32451751250893,
        62.11579699785561,
        70.12151536812009,
        76.34024303073625
    ],
    "guided_val_acc": [
        39.45675482487491,
        55.89706933523946,
        66.69049320943532,
        72.5518227305218,
        80.27162258756255
    ]
}